evento,tipo,driver,codice,prob_raw,prob_novig,volume,data
Hungarian Grand Prix: Driver Pole Position,altro,Lando Norris,NOR,0.9945,0.9876,57154.67551300005,2026-06-27
Hungarian Grand Prix: Driver Pole Position,altro,Max Verstappen,VER,0.0015,0.0015,21992.796227000006,2026-06-27
Hungarian Grand Prix: Driver Pole Position,altro,George Russell,RUS,0.0015,0.0015,10965.946543,2026-06-27
Hungarian Grand Prix: Driver Pole Position,altro,Pierre Gasly,GAS,0.0005,0.0005,373.97999999999996,2026-06-27
Hungarian Grand Prix: Driver Pole Position,altro,Fernando Alonso,ALO,0.0005,0.0005,586.6037220000001,2026-06-27
Hungarian Grand Prix: Driver Pole Position,altro,Alexander Albon,ALB,0.0005,0.0005,398.98249999999996,2026-06-27
Hungarian Grand Prix: Driver Pole Position,altro,Gabriel Bortoleto,BOR,0.0005,0.0005,373.75149999999996,2026-06-27
Hungarian Grand Prix: Driver Pole Position,altro,Sergio Perez,PER,0.0005,0.0005,403.97849999999994,2026-06-27
Hungarian Grand Prix: Driver Pole Position,altro,Charles Leclerc,LEC,0.0005,0.0005,18083.544354999998,2026-06-27
Hungarian Grand Prix: Driver Pole Position,altro,Esteban Ocon,OCO,0.0005,0.0005,378.98249999999996,2026-06-27
Hungarian Grand Prix: Driver Pole Position,altro,Kimi Antonelli,ANT,0.0005,0.0005,42805.23561399998,2026-06-27
Hungarian Grand Prix: Driver Pole Position,altro,Franco Colapinto,COL,0.0005,0.0005,378.96899999999994,2026-06-27
Hungarian Grand Prix: Driver Pole Position,altro,Carlos Sainz Jr.,SAI,0.0005,0.0005,398.7514999999999,2026-06-27
Hungarian Grand Prix: Driver Pole Position,altro,Nico Hulkenberg,HUL,0.0005,0.0005,373.96099999999984,2026-06-27
Hungarian Grand Prix: Driver Pole Position,altro,Valtteri Bottas,BOT,0.0005,0.0005,398.98249999999996,2026-06-27
Hungarian Grand Prix: Driver Pole Position,altro,Lewis Hamilton,HAM,0.0005,0.0005,39627.489429,2026-06-27
Hungarian Grand Prix: Driver Pole Position,altro,Oliver Bearman,BEA,0.0005,0.0005,408.979,2026-06-27
Hungarian Grand Prix: Driver Pole Position,altro,Oscar Piastri,PIA,0.0005,0.0005,10625.238478,2026-06-27
Hungarian Grand Prix: Driver Pole Position,altro,Arvid Lindblad,LIN,0.0005,0.0005,373.9795,2026-06-27
Hungarian Grand Prix: Driver Pole Position,altro,Isack Hadjar,HAD,0.0005,0.0005,1980.2157110000003,2026-06-27
Hungarian Grand Prix: Driver Pole Position,altro,Liam Lawson,LAW,0.0005,0.0005,323.9825,2026-06-27
Hungarian Grand Prix: Driver Pole Position,altro,Lance Stroll,STR,0.0005,0.0005,395.0784999999999,2026-06-27
F1 Constructors' Champion,champ_costruttori,Mercedes,,0.865,0.8594,971224.1618879961,2025-12-09
F1 Constructors' Champion,champ_costruttori,Ferrari,,0.1275,0.1267,656485.316067002,2025-12-09
F1 Constructors' Champion,champ_costruttori,McLaren,,0.004,0.004,1682270.8589589922,2025-12-09
F1 Constructors' Champion,champ_costruttori,Racing Bulls,,0.0035,0.0035,3138375.2686568773,2025-12-09
F1 Constructors' Champion,champ_costruttori,Red Bull Racing,,0.0025,0.0025,803045.2160609983,2025-12-09
F1 Constructors' Champion,champ_costruttori,Aston Martin,,0.0015,0.0015,3190474.8692869316,2025-12-09
F1 Constructors' Champion,champ_costruttori,Williams,,0.0005,0.0005,3808173.692617894,2025-12-09
F1 Constructors' Champion,champ_costruttori,Haas,,0.0005,0.0005,3315785.114210928,2025-12-09
F1 Constructors' Champion,champ_costruttori,Audi,,0.0005,0.0005,3245112.4560269653,2025-12-09
F1 Constructors' Champion,champ_costruttori,Alpine,,0.0005,0.0005,3344682.516012963,2025-12-09
F1 Constructors' Champion,champ_costruttori,Cadillac,,0.0005,0.0005,3708316.0570528274,2025-12-09
F1 Drivers' Champion,champ_piloti,Kimi Antonelli,ANT,0.6905,0.7017,3820759.8459119927,2025-12-09
F1 Drivers' Champion,champ_piloti,Lewis Hamilton,HAM,0.135,0.1372,5092893.24323493,2025-12-09
F1 Drivers' Champion,champ_piloti,George Russell,RUS,0.065,0.0661,2499694.1622939906,2025-12-09
F1 Drivers' Champion,champ_piloti,Charles Leclerc,LEC,0.0315,0.032,5117668.837877013,2025-12-09
F1 Drivers' Champion,champ_piloti,Lando Norris,NOR,0.0285,0.029,6570350.783207976,2025-12-09
F1 Drivers' Champion,champ_piloti,Max Verstappen,VER,0.0175,0.0178,5756600.81988597,2025-12-09
F1 Drivers' Champion,champ_piloti,Oscar Piastri,PIA,0.0075,0.0076,6063438.246914001,2025-12-09
F1 Drivers' Champion,champ_piloti,Esteban Ocon,OCO,0.0015,0.0015,9410388.082027407,2025-12-09
F1 Drivers' Champion,champ_piloti,Isack Hadjar,HAD,0.0005,0.0005,9359473.733225279,2025-12-09
F1 Drivers' Champion,champ_piloti,Fernando Alonso,ALO,0.0005,0.0005,9127103.747374564,2025-12-09
F1 Drivers' Champion,champ_piloti,Lance Stroll,STR,0.0005,0.0005,11729189.695504647,2025-12-09
F1 Drivers' Champion,champ_piloti,Oliver Bearman,BEA,0.0005,0.0005,12882710.24655541,2025-12-09
F1 Drivers' Champion,champ_piloti,Nico Hülkenberg,HUL,0.0005,0.0005,8459585.163715318,2025-12-09
F1 Drivers' Champion,champ_piloti,Gabriel Bortoleto,BOR,0.0005,0.0005,10915037.271449985,2025-12-09
F1 Drivers' Champion,champ_piloti,Pierre Gasly,GAS,0.0005,0.0005,11500566.351431504,2025-12-09
F1 Drivers' Champion,champ_piloti,Franco Colapinto,COL,0.0005,0.0005,12213553.981519144,2025-12-09
F1 Drivers' Champion,champ_piloti,Liam Lawson,LAW,0.0005,0.0005,10709054.966793085,2025-12-09
F1 Drivers' Champion,champ_piloti,Arvid Lindblad,LIN,0.0005,0.0005,12038797.185626183,2025-12-09
F1 Drivers' Champion,champ_piloti,Alexander Albon,ALB,0.0005,0.0005,11864697.41001192,2025-12-09
F1 Drivers' Champion,champ_piloti,Carlos Sainz Jr.,SAI,0.0005,0.0005,11082115.150266167,2025-12-09
F1 Drivers' Champion,champ_piloti,Valtteri Bottas,BOT,0.0005,0.0005,12192205.107809613,2025-12-09
F1 Drivers' Champion,champ_piloti,Sergio Pérez,PER,0.0005,0.0005,11786654.764410239,2025-12-09
Will there be a safety car during the 2026 F1 Dutch Grand Prix?,altro,Will there be a safety car during the 2026 F1 Dutch Grand Prix?,,0.69,1.0,,2026-07-25
Hungarian Grand Prix: Driver Winner,vincitore_gara,Lando Norris,NOR,0.3495,0.3242,67982.70828600008,2026-06-27
Hungarian Grand Prix: Driver Winner,vincitore_gara,Charles Leclerc,LEC,0.27,0.2505,56974.037304999816,2026-06-27
Hungarian Grand Prix: Driver Winner,vincitore_gara,Kimi Antonelli,ANT,0.215,0.1994,71862.04182199997,2026-06-27
Hungarian Grand Prix: Driver Winner,vincitore_gara,Lewis Hamilton,HAM,0.17,0.1577,53204.27989899998,2026-06-27
Hungarian Grand Prix: Driver Winner,vincitore_gara,Max Verstappen,VER,0.0285,0.0264,28028.365733000017,2026-06-27
Hungarian Grand Prix: Driver Winner,vincitore_gara,George Russell,RUS,0.019,0.0176,22836.35404400001,2026-06-27
Hungarian Grand Prix: Driver Winner,vincitore_gara,Oscar Piastri,PIA,0.012,0.0111,25405.631029999993,2026-06-27
Hungarian Grand Prix: Driver Winner,vincitore_gara,Lance Stroll,STR,0.0035,0.0032,1247.9330000000002,2026-06-27
Hungarian Grand Prix: Driver Winner,vincitore_gara,Fernando Alonso,ALO,0.0025,0.0023,2922.891,2026-06-27
Hungarian Grand Prix: Driver Winner,vincitore_gara,Isack Hadjar,HAD,0.002,0.0019,87206.53496399999,2026-06-27
Hungarian Grand Prix: Driver Winner,vincitore_gara,Pierre Gasly,GAS,0.0005,0.0005,1969.025,2026-06-27
Hungarian Grand Prix: Driver Winner,vincitore_gara,Alexander Albon,ALB,0.0005,0.0005,522.835,2026-06-27
Hungarian Grand Prix: Driver Winner,vincitore_gara,Gabriel Bortoleto,BOR,0.0005,0.0005,511.83500000000004,2026-06-27
Hungarian Grand Prix: Driver Winner,vincitore_gara,Sergio Perez,PER,0.0005,0.0005,1518.835,2026-06-27
Hungarian Grand Prix: Driver Winner,vincitore_gara,Esteban Ocon,OCO,0.0005,0.0005,518.835,2026-06-27
Hungarian Grand Prix: Driver Winner,vincitore_gara,Franco Colapinto,COL,0.0005,0.0005,518.835,2026-06-27
Hungarian Grand Prix: Driver Winner,vincitore_gara,Carlos Sainz Jr.,SAI,0.0005,0.0005,518.835,2026-06-27
Hungarian Grand Prix: Driver Winner,vincitore_gara,Nico Hulkenberg,HUL,0.0005,0.0005,516.835,2026-06-27
Hungarian Grand Prix: Driver Winner,vincitore_gara,Valtteri Bottas,BOT,0.0005,0.0005,499.83500000000004,2026-06-27
Hungarian Grand Prix: Driver Winner,vincitore_gara,Oliver Bearman,BEA,0.0005,0.0005,518.835,2026-06-27
Hungarian Grand Prix: Driver Winner,vincitore_gara,Arvid Lindblad,LIN,0.0005,0.0005,810.726,2026-06-27
Hungarian Grand Prix: Driver Winner,vincitore_gara,Liam Lawson,LAW,0.0005,0.0005,1804.1109999999996,2026-06-27
Hungarian Grand Prix: Driver Fastest Lap,altro,Lando Norris,NOR,0.3245,0.2552,327.47615199999996,2026-06-27
Hungarian Grand Prix: Driver Fastest Lap,altro,Kimi Antonelli,ANT,0.235,0.1848,1715.0571320000001,2026-06-27
Hungarian Grand Prix: Driver Fastest Lap,altro,Lewis Hamilton,HAM,0.175,0.1376,1438.090485,2026-06-27
Hungarian Grand Prix: Driver Fastest Lap,altro,Charles Leclerc,LEC,0.17,0.1337,641.1879309999999,2026-06-27
Hungarian Grand Prix: Driver Fastest Lap,altro,George Russell,RUS,0.08,0.0629,107.37604100000001,2026-06-27
Hungarian Grand Prix: Driver Fastest Lap,altro,Max Verstappen,VER,0.07,0.0551,1508.2334879999999,2026-06-27
Hungarian Grand Prix: Driver Fastest Lap,altro,Oscar Piastri,PIA,0.029,0.0228,108.061223,2026-06-27
Hungarian Grand Prix: Driver Fastest Lap,altro,Liam Lawson,LAW,0.0195,0.0153,28.6868,2026-06-27
Hungarian Grand Prix: Driver Fastest Lap,altro,Isack Hadjar,HAD,0.017,0.0134,5,2026-06-27
Hungarian Grand Prix: Driver Fastest Lap,altro,Arvid Lindblad,LIN,0.016,0.0126,5,2026-06-27
Hungarian Grand Prix: Driver Fastest Lap,altro,Gabriel Bortoleto,BOR,0.0155,0.0122,55,2026-06-27
Hungarian Grand Prix: Driver Fastest Lap,altro,Oliver Bearman,BEA,0.0155,0.0122,55,2026-06-27
Hungarian Grand Prix: Driver Fastest Lap,altro,Pierre Gasly,GAS,0.0105,0.0083,55,2026-06-27
Hungarian Grand Prix: Driver Fastest Lap,altro,Fernando Alonso,ALO,0.0105,0.0083,101.69,2026-06-27
Hungarian Grand Prix: Driver Fastest Lap,altro,Alexander Albon,ALB,0.0105,0.0083,55,2026-06-27
Hungarian Grand Prix: Driver Fastest Lap,altro,Sergio Perez,PER,0.0105,0.0083,75.69,2026-06-27
Hungarian Grand Prix: Driver Fastest Lap,altro,Esteban Ocon,OCO,0.0105,0.0083,55,2026-06-27
Hungarian Grand Prix: Driver Fastest Lap,altro,Franco Colapinto,COL,0.0105,0.0083,89,2026-06-27
Hungarian Grand Prix: Driver Fastest Lap,altro,Carlos Sainz Jr.,SAI,0.0105,0.0083,55,2026-06-27
Hungarian Grand Prix: Driver Fastest Lap,altro,Valtteri Bottas,BOT,0.0105,0.0083,55,2026-06-27
Hungarian Grand Prix: Driver Fastest Lap,altro,Lance Stroll,STR,0.0105,0.0083,55,2026-06-27
Hungarian Grand Prix: Driver Fastest Lap,altro,Nico Hulkenberg,HUL,0.01,0.0079,55,2026-06-27
