evento,driver,codice,prob_mercato,volume,data
Hungarian Grand Prix: Driver Pole Position,Lando Norris,NOR,0.9945,57154.67551300005,2026-06-27
Hungarian Grand Prix: Constructor Pole Position,Mclaren Mastercard,,0.9945,729.442682,2026-06-27
F1 Constructors' Champion,Mercedes,,0.865,971224.1618879961,2025-12-09
Hungarian Grand Prix: Driver Podium Finish,Lando Norris,NOR,0.81,5959.319780000002,2026-06-27
Hungarian Grand Prix: Driver Podium Finish,Charles Leclerc,LEC,0.71,3297.7275929999996,2026-06-27
F1 Drivers' Champion,Kimi Antonelli,ANT,0.6905,3820759.8459119927,2025-12-09
Will there be a safety car during the 2026 F1 Dutch Grand Prix?,Will there be a safety car during the 2026 F1 Dutch Grand Prix?,,0.69,,2026-07-25
Hungarian Grand Prix: Driver Podium Finish,Kimi Antonelli,ANT,0.58,1721.4986310000004,2026-06-27
Hungarian Grand Prix: Driver Podium Finish,Lewis Hamilton,HAM,0.57,3091.440366,2026-06-27
Will there be a safety car during the 2026 F1 Hungarian Grand Prix?,Will there be a safety car during the 2026 F1 Hungarian Grand Prix?,,0.5,281.77857300000005,2026-06-27
Will there be a red flag during the 2026 F1 Dutch Grand Prix?,Will there be a red flag during the 2026 F1 Dutch Grand Prix?,,0.5,,2026-07-25
Hungarian Grand Prix: Constructor Fastest Lap,Mercedes,,0.475,,2026-06-27
Hungarian Grand Prix: Constructor Pole Position,Ferrari,,0.46,218.39746799999995,2026-06-27
Hungarian Grand Prix: Constructor Fastest Lap,Racing Bulls,,0.46,,2026-06-27
Hungarian Grand Prix: Constructor Fastest Lap,Ferrari,,0.455,,2026-06-27
Hungarian Grand Prix: Constructor Fastest Lap,Red Bull,,0.45,,2026-06-27
Hungarian Grand Prix: Constructor Pole Position,Alpine,,0.448,367.7115,2026-06-27
Hungarian Grand Prix: Constructor Pole Position,Cadillac,,0.4445,383.450333,2026-06-27
Hungarian Grand Prix: Constructor Pole Position,Racing Bulls,,0.443,251.54000000000002,2026-06-27
Hungarian Grand Prix: Constructor Pole Position,Aston Martin,,0.4415,363.561333,2026-06-27
Hungarian Grand Prix: Which Constructor Scores 1st?,Williams,,0.436,188.7185,2026-06-27
Hungarian Grand Prix: Constructor Fastest Lap,Mclaren Mastercard,,0.435,5.26314,2026-06-27
Hungarian Grand Prix: Which Constructor Scores 1st?,Audi Revolut,,0.4315,163.7185,2026-06-27
Hungarian Grand Prix: Which Constructor Scores 1st?,Racing Bulls,,0.4305,109.4471,2026-06-27
Hungarian Grand Prix: Constructor Fastest Lap,Audi Revolut,,0.425,57.2653,2026-06-27
Hungarian Grand Prix: Driver Winner,Lando Norris,NOR,0.3495,67982.70828600008,2026-06-27
Will there be a red flag during the 2026 F1 Hungarian Grand Prix?,Will there be a red flag during the 2026 F1 Hungarian Grand Prix?,,0.33,919.8125960000001,2026-06-27
Hungarian Grand Prix: Driver Fastest Lap,Lando Norris,NOR,0.3245,327.47615199999996,2026-06-27
Hungarian Grand Prix: Which Constructor Scores 1st?,Ferrari,,0.295,72.020961,2026-06-27
Hungarian Grand Prix: Driver Winner,Charles Leclerc,LEC,0.27,56974.037304999816,2026-06-27
Hungarian Grand Prix: Constructor Pole Position,Mercedes,,0.26,595.410747,2026-06-27
Hungarian Grand Prix: Which Constructor Scores 1st?,Mclaren Mastercard,,0.235,528.8701530000001,2026-06-27
Hungarian Grand Prix: Driver Fastest Lap,Kimi Antonelli,ANT,0.235,1715.0571320000001,2026-06-27
Will it rain during the Hungarian Grand Prix?,Will it rain during the Hungarian Grand Prix?,,0.235,104.55812999999999,2026-07-24
Hungarian Grand Prix: Driver Winner,Kimi Antonelli,ANT,0.215,71862.04182199997,2026-06-27
Hungarian Grand Prix: Driver Podium Finish,Oscar Piastri,PIA,0.18,696.324634,2026-06-27
Hungarian Grand Prix: Driver Fastest Lap,Lewis Hamilton,HAM,0.175,1438.090485,2026-06-27
Hungarian Grand Prix: Driver Winner,Lewis Hamilton,HAM,0.17,53204.27989899998,2026-06-27
Hungarian Grand Prix: Driver Fastest Lap,Charles Leclerc,LEC,0.17,641.1879309999999,2026-06-27
Hungarian Grand Prix: Which Constructor Scores 1st?,Mercedes,,0.165,550.1188950000001,2026-06-27
Hungarian Grand Prix: Driver Podium Finish,Max Verstappen,VER,0.14,5361.551087,2026-06-27
F1 Drivers' Champion,Lewis Hamilton,HAM,0.135,5092893.24323493,2025-12-09
F1 Constructors' Champion,Ferrari,,0.1275,656485.316067002,2025-12-09
Hungarian Grand Prix: Driver Podium Finish,George Russell,RUS,0.11,4986.983824,2026-06-27
Hungarian Grand Prix: Driver Fastest Lap,George Russell,RUS,0.08,107.37604100000001,2026-06-27
Hungarian Grand Prix: Driver Fastest Lap,Max Verstappen,VER,0.07,1508.2334879999999,2026-06-27
F1 Drivers' Champion,George Russell,RUS,0.065,2499694.1622939906,2025-12-09
Hungarian Grand Prix: Driver Podium Finish,Isack Hadjar,HAD,0.042,441.315383,2026-06-27
Hungarian Grand Prix: Which Constructor Scores 1st?,Red Bull,,0.034,550.2199999999999,2026-06-27
F1 Drivers' Champion,Charles Leclerc,LEC,0.0315,5117668.837877013,2025-12-09
Hungarian Grand Prix: Driver Fastest Lap,Oscar Piastri,PIA,0.029,108.061223,2026-06-27
F1 Drivers' Champion,Lando Norris,NOR,0.0285,6570350.783207976,2025-12-09
Hungarian Grand Prix: Driver Winner,Max Verstappen,VER,0.0285,28028.365733000017,2026-06-27
Hungarian Grand Prix: Driver Fastest Lap,Liam Lawson,LAW,0.0195,28.6868,2026-06-27
Hungarian Grand Prix: Driver Winner,George Russell,RUS,0.019,22836.35404400001,2026-06-27
Hungarian Grand Prix: Driver Podium Finish,Fernando Alonso,ALO,0.018,466.03419199999996,2026-06-27
F1 Drivers' Champion,Max Verstappen,VER,0.0175,5756600.81988597,2025-12-09
Hungarian Grand Prix: Driver Fastest Lap,Isack Hadjar,HAD,0.017,5,2026-06-27
Hungarian Grand Prix: Driver Fastest Lap,Arvid Lindblad,LIN,0.016,5,2026-06-27
Hungarian Grand Prix: Driver Fastest Lap,Gabriel Bortoleto,BOR,0.0155,55,2026-06-27
Hungarian Grand Prix: Driver Fastest Lap,Oliver Bearman,BEA,0.0155,55,2026-06-27
Hungarian Grand Prix: Driver Podium Finish,Arvid Lindblad,LIN,0.0155,91.86,2026-06-27
Hungarian Grand Prix: Driver Podium Finish,Nico Hulkenberg,HUL,0.0135,131.58,2026-06-27
Hungarian Grand Prix: Driver Winner,Oscar Piastri,PIA,0.012,25405.631029999993,2026-06-27
Hungarian Grand Prix: Driver Fastest Lap,Pierre Gasly,GAS,0.0105,55,2026-06-27
Hungarian Grand Prix: Driver Fastest Lap,Fernando Alonso,ALO,0.0105,101.69,2026-06-27
Hungarian Grand Prix: Driver Fastest Lap,Alexander Albon,ALB,0.0105,55,2026-06-27
Hungarian Grand Prix: Driver Fastest Lap,Sergio Perez,PER,0.0105,75.69,2026-06-27
Hungarian Grand Prix: Driver Fastest Lap,Esteban Ocon,OCO,0.0105,55,2026-06-27
Hungarian Grand Prix: Driver Fastest Lap,Franco Colapinto,COL,0.0105,89,2026-06-27
Hungarian Grand Prix: Driver Fastest Lap,Carlos Sainz Jr.,SAI,0.0105,55,2026-06-27
Hungarian Grand Prix: Driver Fastest Lap,Valtteri Bottas,BOT,0.0105,55,2026-06-27
Hungarian Grand Prix: Driver Fastest Lap,Lance Stroll,STR,0.0105,55,2026-06-27
Hungarian Grand Prix: Driver Podium Finish,Alexander Albon,ALB,0.0105,117.47,2026-06-27
Hungarian Grand Prix: Driver Podium Finish,Gabriel Bortoleto,BOR,0.0105,104.82999999999998,2026-06-27
Hungarian Grand Prix: Driver Podium Finish,Franco Colapinto,COL,0.0105,147.89974999999998,2026-06-27
Hungarian Grand Prix: Driver Podium Finish,Carlos Sainz Jr.,SAI,0.0105,128.93,2026-06-27
Hungarian Grand Prix: Driver Podium Finish,Oliver Bearman,BEA,0.0105,118.4,2026-06-27
Hungarian Grand Prix: Driver Podium Finish,Liam Lawson,LAW,0.0105,79.85,2026-06-27
Hungarian Grand Prix: Driver Podium Finish,Lance Stroll,STR,0.0105,344.62,2026-06-27
Hungarian Grand Prix: Driver Fastest Lap,Nico Hulkenberg,HUL,0.01,55,2026-06-27
Hungarian Grand Prix: Driver Podium Finish,Pierre Gasly,GAS,0.01,164.68,2026-06-27
Hungarian Grand Prix: Driver Podium Finish,Esteban Ocon,OCO,0.01,163.51000000000002,2026-06-27
F1 Drivers' Champion,Oscar Piastri,PIA,0.0075,6063438.246914001,2025-12-09
Hungarian Grand Prix: Constructor Fastest Lap,Alpine,,0.0055,57.27,2026-06-27
Hungarian Grand Prix: Constructor Fastest Lap,Aston Martin,,0.0055,57.269999999999996,2026-06-27
Hungarian Grand Prix: Constructor Fastest Lap,Williams,,0.0055,57.27,2026-06-27
Hungarian Grand Prix: Constructor Fastest Lap,Cadillac,,0.0055,57.27,2026-06-27
Hungarian Grand Prix: Constructor Fastest Lap,Tgr Haas,,0.0055,57.27,2026-06-27
Hungarian Grand Prix: Driver Podium Finish,Sergio Perez,PER,0.0055,203.93,2026-06-27
Hungarian Grand Prix: Constructor Pole Position,Red Bull,,0.005,196.310449,2026-06-27
Hungarian Grand Prix: Driver Podium Finish,Valtteri Bottas,BOT,0.005,203.93,2026-06-27
Hungarian Grand Prix: Constructor Pole Position,Williams,,0.0045,413.56233299999997,2026-06-27
F1 Constructors' Champion,McLaren,,0.004,1682270.8589589922,2025-12-09
F1 Constructors' Champion,Racing Bulls,,0.0035,3138375.2686568773,2025-12-09
Hungarian Grand Prix: Driver Winner,Lance Stroll,STR,0.0035,1247.9330000000002,2026-06-27
Hungarian Grand Prix: Which Constructor Scores 1st?,Tgr Haas,,0.0035,179.5039,2026-06-27
F1 Constructors' Champion,Red Bull Racing,,0.0025,803045.2160609983,2025-12-09
Hungarian Grand Prix: Driver Winner,Fernando Alonso,ALO,0.0025,2922.891,2026-06-27
Hungarian Grand Prix: Which Constructor Scores 1st?,Alpine,,0.0025,163.7185,2026-06-27
Hungarian Grand Prix: Driver Winner,Isack Hadjar,HAD,0.002,87206.53496399999,2026-06-27
F1 Drivers' Champion,Esteban Ocon,OCO,0.0015,9410388.082027407,2025-12-09
F1 Constructors' Champion,Aston Martin,,0.0015,3190474.8692869316,2025-12-09
Hungarian Grand Prix: Driver Pole Position,Max Verstappen,VER,0.0015,21992.796227000006,2026-06-27
Hungarian Grand Prix: Driver Pole Position,George Russell,RUS,0.0015,10965.946543,2026-06-27
F1 Drivers' Champion,Isack Hadjar,HAD,0.0005,9359473.733225279,2025-12-09
F1 Drivers' Champion,Fernando Alonso,ALO,0.0005,9127103.747374564,2025-12-09
F1 Drivers' Champion,Lance Stroll,STR,0.0005,11729189.695504647,2025-12-09
F1 Drivers' Champion,Oliver Bearman,BEA,0.0005,12882710.24655541,2025-12-09
F1 Drivers' Champion,Nico Hülkenberg,HUL,0.0005,8459585.163715318,2025-12-09
F1 Drivers' Champion,Gabriel Bortoleto,BOR,0.0005,10915037.271449985,2025-12-09
F1 Drivers' Champion,Pierre Gasly,GAS,0.0005,11500566.351431504,2025-12-09
F1 Drivers' Champion,Franco Colapinto,COL,0.0005,12213553.981519144,2025-12-09
F1 Drivers' Champion,Liam Lawson,LAW,0.0005,10709054.966793085,2025-12-09
F1 Drivers' Champion,Arvid Lindblad,LIN,0.0005,12038797.185626183,2025-12-09
F1 Drivers' Champion,Alexander Albon,ALB,0.0005,11864697.41001192,2025-12-09
F1 Drivers' Champion,Carlos Sainz Jr.,SAI,0.0005,11082115.150266167,2025-12-09
F1 Drivers' Champion,Valtteri Bottas,BOT,0.0005,12192205.107809613,2025-12-09
F1 Drivers' Champion,Sergio Pérez,PER,0.0005,11786654.764410239,2025-12-09
F1 Constructors' Champion,Williams,,0.0005,3808173.692617894,2025-12-09
F1 Constructors' Champion,Haas,,0.0005,3315785.114210928,2025-12-09
F1 Constructors' Champion,Audi,,0.0005,3245112.4560269653,2025-12-09
F1 Constructors' Champion,Alpine,,0.0005,3344682.516012963,2025-12-09
F1 Constructors' Champion,Cadillac,,0.0005,3708316.0570528274,2025-12-09
Hungarian Grand Prix: Driver Winner,Pierre Gasly,GAS,0.0005,1969.025,2026-06-27
Hungarian Grand Prix: Driver Winner,Alexander Albon,ALB,0.0005,522.835,2026-06-27
Hungarian Grand Prix: Driver Winner,Gabriel Bortoleto,BOR,0.0005,511.83500000000004,2026-06-27
Hungarian Grand Prix: Driver Winner,Sergio Perez,PER,0.0005,1518.835,2026-06-27
Hungarian Grand Prix: Driver Winner,Esteban Ocon,OCO,0.0005,518.835,2026-06-27
Hungarian Grand Prix: Driver Winner,Franco Colapinto,COL,0.0005,518.835,2026-06-27
Hungarian Grand Prix: Driver Winner,Carlos Sainz Jr.,SAI,0.0005,518.835,2026-06-27
Hungarian Grand Prix: Driver Winner,Nico Hulkenberg,HUL,0.0005,516.835,2026-06-27
Hungarian Grand Prix: Driver Winner,Valtteri Bottas,BOT,0.0005,499.83500000000004,2026-06-27
Hungarian Grand Prix: Driver Winner,Oliver Bearman,BEA,0.0005,518.835,2026-06-27
Hungarian Grand Prix: Driver Winner,Arvid Lindblad,LIN,0.0005,810.726,2026-06-27
Hungarian Grand Prix: Driver Winner,Liam Lawson,LAW,0.0005,1804.1109999999996,2026-06-27
Hungarian Grand Prix: Which Constructor Scores 1st?,Aston Martin,,0.0005,362.6739,2026-06-27
Hungarian Grand Prix: Which Constructor Scores 1st?,Cadillac,,0.0005,362.6739,2026-06-27
Hungarian Grand Prix: Driver Pole Position,Pierre Gasly,GAS,0.0005,373.97999999999996,2026-06-27
Hungarian Grand Prix: Driver Pole Position,Fernando Alonso,ALO,0.0005,586.6037220000001,2026-06-27
Hungarian Grand Prix: Driver Pole Position,Alexander Albon,ALB,0.0005,398.98249999999996,2026-06-27
Hungarian Grand Prix: Driver Pole Position,Gabriel Bortoleto,BOR,0.0005,373.75149999999996,2026-06-27
Hungarian Grand Prix: Driver Pole Position,Sergio Perez,PER,0.0005,403.97849999999994,2026-06-27
Hungarian Grand Prix: Driver Pole Position,Charles Leclerc,LEC,0.0005,18083.544354999998,2026-06-27
Hungarian Grand Prix: Driver Pole Position,Esteban Ocon,OCO,0.0005,378.98249999999996,2026-06-27
Hungarian Grand Prix: Driver Pole Position,Kimi Antonelli,ANT,0.0005,42805.23561399998,2026-06-27
Hungarian Grand Prix: Driver Pole Position,Franco Colapinto,COL,0.0005,378.96899999999994,2026-06-27
Hungarian Grand Prix: Driver Pole Position,Carlos Sainz Jr.,SAI,0.0005,398.7514999999999,2026-06-27
Hungarian Grand Prix: Driver Pole Position,Nico Hulkenberg,HUL,0.0005,373.96099999999984,2026-06-27
Hungarian Grand Prix: Driver Pole Position,Valtteri Bottas,BOT,0.0005,398.98249999999996,2026-06-27
Hungarian Grand Prix: Driver Pole Position,Lewis Hamilton,HAM,0.0005,39627.489429,2026-06-27
Hungarian Grand Prix: Driver Pole Position,Oliver Bearman,BEA,0.0005,408.979,2026-06-27
Hungarian Grand Prix: Driver Pole Position,Oscar Piastri,PIA,0.0005,10625.238478,2026-06-27
Hungarian Grand Prix: Driver Pole Position,Arvid Lindblad,LIN,0.0005,373.9795,2026-06-27
Hungarian Grand Prix: Driver Pole Position,Isack Hadjar,HAD,0.0005,1980.2157110000003,2026-06-27
Hungarian Grand Prix: Driver Pole Position,Liam Lawson,LAW,0.0005,323.9825,2026-06-27
Hungarian Grand Prix: Driver Pole Position,Lance Stroll,STR,0.0005,395.0784999999999,2026-06-27
Hungarian Grand Prix: Constructor Pole Position,Audi Revolut,,0.0005,367.71149999999994,2026-06-27
Hungarian Grand Prix: Constructor Pole Position,Tgr Haas,,0.0005,368.562333,2026-06-27
